Country,Agglomeration 0me (in English),Nr Inhabitants,Area (km2),55-59,60-64,65-69,70-74,>75,Percentages
Austria,Graz,274207,126,47400,34100,33200,2600,0,42.77790137
Austria,Innsbruck,133596,42,33600,28800,15900,2200,0,60.2562951
Austria,Linz,221348,112,47400,29700,15200,7000,1600,44.86148508
Austria,Salzburg,148420,66,34000,19500,14300,4200,100,48.51098235
Austria,Vien0,1862251,459,235900,490500,554500,341700,129000,87.13111176
Belgium,Brussels,999899,160,170300,158100,201500,189200,26400,71.91726364
Belgium,Antwerp,513570,204.38,124500,76100,47100,42500,5200,56.50641587
Belgium,Bruges,117886,138.4,0,0,0,0,0,0
Belgium,Ghent,253266,157.8,43000,40300,35800,9600,1900,50.81613797
Belgium,Charleroi,202480,102.1,0.00,0,0,0,0,0
Belgium,Liege,195968,69.39,0,0,0,0,0,0
Bosnia and Herzegovi0,Banja Luka,199191,90.3,0,0,0,0,0,0
Bosnia and Herzegovi0,Bijelji0,114663,31.1,0,0,0,0,0,0
Bosnia and Herzegovi0,Brcko,93028,16,0,0,0,0,0,0
Bosnia and Herzegovi0,Mostar,113169,35.5,0,0,0,0,0,0
Bosnia and Herzegovi0,Prijedor,97588,27,0,0,0,0,0,0
Bosnia and Herzegovi0,Sarajevo,291422,141.5,0,0,0,0,0,0
Bosnia and Herzegovi0,Tuzla,120441,30.2,0,0,0,0,0,0
Bosnia and Herzegovi0,Zenica,115134,36.2,0,0,0,0,0,0
Bulgaria,Burgas,206630,220,52000,69900,26100,4900,1100,73.99699947
Bulgaria,Pleven,111567,85,42900,40100,20200,2000,0,94.29311535
Bulgaria,Plovdiv,368983,102,69600,119700,120400,41400,400,95.15343525
Bulgaria,Ruse,159798,127,49700,30300,12800,4300,300,60.76421482
Bulgaria,Sofia,1332817,492,324400,436200,177700,10300,3100,71.17256157
Bulgaria,Stara Zagora,149266,86,34100,52400,19700,300,0,71.3491351
Bulgaria,Var0,355935,154,110500,141800,22800,1100,100,77.59843792
Croatia,Osijek,110493,175,15900,12200,7700,1000,0,33.30527726
Croatia,Rijeka,130506,44,11600,8200,5100,2700,200,21.14845294
Croatia,Split,178102,80,21700,14900,6500,1100,0,24.81723956
Croatia,Zagreb,790017,641,96500,60300,39300,13600,1100,26.5437326
Cyprus,Limassol,187214,66.1,0,0,0,0,0,0
Cyprus,Nicosia,243254,95.4,0,0,0,0,0,0
Czech Republic,Brno,409738,328,122700,81500,43800,13900,400,63.91889451
Czech Republic,Liberec,162189,160,48300,25500,14500,8800,400,59.86842511
Czech Republic,Olomouc,105230,105,28500,15000,12100,2600,0,55.30742184
Czech Republic,Ostrava,509290,248,121900,82600,59700,14200,700,54.66433663
Czech Republic,Plzen,179403,184,43100,23700,19300,4200,0,50.33360646
Czech Republic,Prague,1234005,772,411500,238300,122800,96600,7100,70.43731589
Czech Republic,Teplice,180601,171,54400,28700,15300,5200,400,57.36402346
Denmark,Aalborg,132864,65.32,30700,28200,22200,7800,100,66.91052505
Denmark,Aarhus,237797,81.48,51400,39500,22100,10700,100,52.0191592
Denmark,Copenhagen,1194507,382.48,372800,210900,142400,31000,3700,63.38179684
Denmark,Odense,188080,100.99,41000,24700,18500,4900,700,47.3734581
Estonia,Tallinn,435972,159.2,67600,95400,68700,18200,800,57.32019487
Estonia,Tartu,96986,38.8,15900,18600,11600,1600,100,49.18235622
Finland,Espoo,274583,534,35700,15900,3200,200,0,20.03037333
Finland,Helsinki,635181,216,85800,50700,18400,8200,100,25.67772021
Finland,Jyvaskyla,138850,1467,17300,8800,4100,300,0,21.96615052
Finland,Kauniainen,9397,6,1400,600,0,0,0,21.28338832
Finland,Kuopio,117740,3740,17600,10600,3500,400,0,27.26346187
Finland,Lahti,119452,518,13400,5600,2900,900,0,19.08716472
Finland,Oulu,200526,3866,24300,9400,2800,500,100,18.45147263
Finland,Tampere,228274,525,19100,11200,4600,100,0,15.33245135
Finland,Turku,187604,306,24500,15400,7600,2600,0,26.70518752
Finland,Vantaa,219341,240,35700,15500,3200,300,0,24.93833802
France,Amiens,164900,111.9,0,0,0,0,0,0
France,Angers,283200,553.06,0,0,0,0,0,0
France,Angouleme,110900,184.25,0,0,0,0,0,0
France,Annecy,150000,152.55,0,0,0,0,0,0
France,Annemasse,121700,178.52,0,0,0,0,0,0
France,Arras,110200,305.97,0,0,0,0,0,0
France,Aubergenville,411100,504.72,0,0,0,0,0,0
France,Avignon,279700,507.91,0,0,0,0,0,0
France,Bayonne,195400,313.8,0,0,0,0,0,0
France,Beauchamp,270700,87.24,0,0,0,0,0,0
France,Besancon,139300,122.36,0,0,0,0,0,0
France,Bethune,263100,389.59,0,0,0,0,0,0
France,Bordeaux,774900,578.27,0,0,0,0,0,0
France,Brest,213000,218.37,0,0,0,0,0,0
France,Brunoy,177800,66.36,71300,17000,12300,3800,0,58.71766029
France,Caen,268900,351.76,0,0,0,0,0,0
France,Calais,104800,136.5,0,0,0,0,0,0
France,Cannes,160800,94.83,0,0,0,0,0,0
France,Cergy,205700,84.16,81700,32600,9500,1500,200,60.91395236
France,Chambery,123300,157.89,0,0,0,0,0,0
France,Clermont-Ferrand,291800,300.63,0,0,0,0,0,0
France,Courcouronnes,347000,221.19,134400,64900,15700,2500,200,62.68011527
France,Dijon,256100,239.96,0,0,0,0,0,0
France,Douai - Lens,518900,489.14,0,0,0,0,0,0
France,Dunkerque,203800,280.43,0,0,0,0,0,0
France,Fort-de-France,135600,127.11,0,0,0,0,0,0
France,Grenoble,451800,545.54,0,0,0,0,0,0
France,Hénin-Beaumont,125900,112.07,0,0,0,0,0,0
France,La Rochelle,123600,92.76,0,0,0,0,0,0
France,Le Havre,240300,190.65,0,0,0,0,0,0
France,Le Mans,210900,267.05,0,0,0,0,0,0
France,Le Pecq,341300,139.1,111700,39400,34200,9400,400,57.04658658
France,Lens,245000,239.38,0,0,0,0,0,0
France,Lille,1154100,647.78,0,0,0,0,0,0
France,Limoges,180800,199.49,0,0,0,0,0,0
France,Lorient,120600,106.77,0,0,0,0,0,0
France,Lyon,1375000,533.68,0,0,0,0,0,0
France,Marseille,1886800,3149.22,0,0,0,0,0,0
France,Maubeuge,100000,129.55,0,0,0,0,0,0
France,Metz,328700,362.49,0,0,0,0,0,0
France,Montbeliard,111800,140.28,0,0,0,0,0,0
France,Montmorency,183100,74.08,69000,23600,17500,3700,100,62.1518296
France,Montpellier,457800,421.83,0,0,0,0,0,0
France,Mulhouse,242700,215.03,0,0,0,0,0,0
France,0ncy,260700,142.3,0,0,0,0,0,0
France,0ntes,636000,523.35,0,0,0,0,0,0
France,Nice,545000,1465.81,104100,121300,70000,12100,500,56.42201835
France,Nimes,164900,220.64,0,0,0,0,0,0
France,Orleans,287100,334.32,0,0,0,0,0,0
France,Orsay,313800,185.85,0,0,0,0,0,0
France,Paris,7068800,814.24,1963100,1694100,1423800,400000,25400,77.53791308
France,Pau,200000,449.71,0,0,0,0,0,0
France,Perpig0n,268500,616.68,0,0,0,0,0,0
France,Pointe-a-Pitre - Les Abymes,180200,430.5,0,0,0,0,0,0
France,Poitiers,130400,167.87,0,0,0,0,0,0
France,Reims,299100,1432.36,0,0,0,0,0,0
France,Rennes,444700,705.03,0,0,0,0,0,0
France,Roissy-en-France,349500,340.88,0,0,0,0,0,0
France,Rouen,499600,663.83,0,0,0,0,0,0
France,Saint-Denise-de-la-Reunion,170800,230,0,0,0,0,0,0
France,Sainte-Geneviève-des-Bois,196000,132.7,0,0,0,0,0,0
France,Saint-Etienne,408700,723.5,0,0,0,0,0,0
France,Saint-0zaire,148300,280.92,0,0,0,0,0,0
France,Saint-Pierre,146300,261.42,0,0,0,0,0,0
France,Strasbourg,491500,337.61,110800,103100,58100,9800,300,57.33468973
France,Thionville,132700,137.4,0,0,0,0,0,0
France,Torcy,228900,95.81,0,0,0,0,0,0
France,Toulon,434400,366.41,0,0,0,0,0,0
France,Toulouse,760100,458.16,0,0,0,0,0,0
France,Tours,299100,389.16,0,0,0,0,0,0
France,Trappes,231100,119.2,0,0,0,0,0,0
France,Troyes,135000,151.24,0,0,0,0,0,0
France,Valence,124200,164.16,0,0,0,0,0,0
France,Valenciennes,360000,502.1,0,0,0,0,0,0
France,Versailles,269200,123.58,0,0,0,0,0,0
Germany,Freiburg,219430,153,23000,12000,8400,4300,200,21.73813973
Germany,Heidelberg,145311,109,18100,10200,5900,2800,200,25.46262843
Germany,Heilbronn,121627,100,10500,8300,5400,1600,100,21.21239527
Germany,Karlsruhe,288917,173,28100,18200,12100,3400,100,21.39022626
Germany,Mannheim,309795,145,23600,16100,16200,6800,900,20.23919043
Germany,Pforzheim,119423,98,11200,7600,7900,7400,1300,28.55396364
Germany,Reutlingen,112458,87,7200,4900,2500,700,0,13.60507923
Germany,Stuttgart,581858,211,44300,31300,22200,9700,1400,18.4752981
Germany,Ulm,121434,119,7600,6300,4300,1800,0,16.46985194
Germany,Augsburg,266647,147,18000,15400,9700,1200,0,16.61372526
Germany,Erlangen,106326,77,16400,10800,5400,1400,100,31.97712695
Germany,Furth,116317,63,9200,7500,5900,1700,100,20.8911853
Germany,Ingolstadt,126732,133,25600,10800,4000,200,0,32.03610769
Germany,Munich,1378176,311,95000,69400,66400,21900,1500,18.33582939
Germany,Nuremberg,510602,187,43100,26400,23700,18300,2500,21.83696891
Germany,Regensburg,136577,81,14100,9000,5100,1200,0,21.52631849
Germany,Wurzburg,133808,88,16000,10000,5000,1800,500,24.51273466
Germany,Berlin,3460725,892,223200,170900,160700,104200,5500,19.04225271
Germany,Potsdam,161468,188,13100,10400,5700,1300,200,18.88919167
Germany,Bremen,549000,317,56300,34000,18500,4300,100,20.6010929
Germany,Bremerhaven,109000,94,8900,7300,6000,2500,0,22.66055046
Germany,Hamburg,1896342,1045,170400,130400,89100,25800,300,21.92115135
Germany,Darmstadt,149743,122,11600,9000,7900,2700,0,20.8356985
Germany,Frankfurt,701350,248,61900,39200,31400,19000,3600,21.60119769
Germany,Kassel,194087,107,10600,8000,4900,3700,300,14.01433378
Germany,Offenbach,119203,45,7500,5500,6200,6100,1100,21.22429805
Germany,Wiesbaden,273871,204,19400,13500,11300,6100,600,18.36631115
Germany,Rostock,203431,169,12000,6700,2400,400,0,10.56869405
Germany,Braunschweig,250556,193,24500,13500,7800,1800,0,18.99774901
Germany,Gottingen,121364,117,13100,7800,3700,400,0,20.59918922
Germany,Hannover,525875,204,41100,30800,20400,4600,400,18.42643214
Germany,Oldenburg,162481,103,22700,11000,3400,100,0,22.89498464
Germany,Os0bruck,165021,120,14200,10700,10100,3400,200,23.26976567
Germany,Aachen,240484,161,31000,26700,16000,11700,1300,35.51171804
Germany,Bergisch Gladbach,109678,83,9800,7300,4200,1000,0,20.3322453
Germany,Bielefeld,328965,259,39300,27400,17700,6100,300,27.51052544
Germany,Bochum,361390,146,61000,39200,19000,5300,100,34.45031683
Germany,Bonn,312207,141,27100,20700,13000,5000,1000,21.07576063
Germany,Bottrop,115780,101,17700,12600,6000,600,0,31.87078943
Germany,Cologne,1039488,405,116300,91900,78300,24000,700,29.8704747
Germany,Dortmund,578236,281,93000,57400,26500,8300,200,32.02844513
Germany,Duisburg,485580,233,57600,36900,21900,5100,100,25.02162363
Germany,Dusseldorf,601074,217,129400,79600,51700,13600,200,45.63498005
Germany,Essen,570827,210,57100,36700,33400,25900,11200,26.82073553
Germany,Gelsenkirchen,258290,105,31600,18500,12300,5100,500,26.13341593
Germany,Hagen,185823,160,42300,34000,22600,14300,9800,60.91818559
Germany,Herne,154507,51,27200,17200,9000,1100,0,35.27348275
Germany,Krefeld,222424,138,23100,14900,10400,2900,0,23.06405784
Germany,Leverkusen,161065,79,32700,16700,9200,1700,0,37.43830131
Germany,Moers,102935,68,17800,7000,3300,600,0,27.8816729
Germany,Monchengladbach,255975,170,27600,24700,26200,4200,0,32.30784256
Germany,Mulheim an der Ruhr,166769,91,19500,16300,9400,1100,0,27.76295355
Germany,Munster,300149,303,22200,13900,10400,2800,200,16.4251755
Germany,Neuss,152256,100,36000,19200,8500,900,0,42.4285414
Germany,Oberhausen,209210,77,30200,20800,11000,1000,0,30.1132833
Germany,Recklinghausen,114523,66,15800,9500,6600,2800,0,30.29959048
Germany,Remscheid,109024,75,4100,3800,4000,1300,0,12.10742589
Germany,Solingen,156369,90,6600,8400,8100,2000,0,16.05177497
Germany,Wuppertal,343494,168,25700,19000,19300,13000,1200,22.41669432
Germany,Koblenz,109922,105,8400,4800,4200,1200,100,16.9210895
Germany,Ludwigshafen,165362,78,16300,11600,9300,3200,100,24.43124781
Germany,Mainz,209402,98,22400,13600,7500,1800,200,21.6330312
Germany,Saarbrucken,231556,219,17500,12700,9900,2800,200,18.52683584
Germany,Chemnitz,173973,53,14300,11400,7700,1600,100,20.1180643
Germany,Dresden,509971,186,38600,34900,22500,4600,100,19.72661191
Germany,Leipzig,539039,297,35300,28500,28200,11100,300,19.12663091
Germany,Halle,231565,136,22700,15600,10000,3200,2200,22.23997582
Germany,Magdeburg,231021,202,43400,27800,11000,900,100,35.97075591
Germany,Kiel,290000,189,16200,10400,8700,1500,100,12.68965517
Germany,Lubeck,250000,298,14600,7800,6900,1000,0,12.12
Greece,Athens,745514,38,0,0,0,0,0,0
Greece,Thessaloniki,363987,18,0,0,0,0,0,0
Hungary,Budapest,2158871,1130,342100,287600,257600,184900,61300,49.66484797
Hungary,Debrecen,203059,462,33200,35000,25400,10000,600,51.01965439
Hungary,Gyor,131564,175,18100,21900,20500,4500,0,49.40561248
Hungary,Kecskemet,111724,323,23600,19200,10100,1400,0,48.60191185
Hungary,Miskolc,158101,237,27400,25900,22800,12700,600,56.16662766
Hungary,Nyiregyhaza,118058,275,14800,13800,12100,2800,0,36.84629589
Hungary,Pecs,145347,163,23700,20100,11300,4800,200,41.21172092
Hungary,Szeged,162621,281,25300,16400,11300,3700,400,34.86634567
Iceland,Akureyri,18787,138,100,0,0,0,0,0.532282962
Iceland,Gardabaer,15709,71,2200,500,0,0,0,17.18759947
Iceland,Haf0fjordur,29412,143,2600,1600,300,100,0,15.63987488
Iceland,Kopavogur,35970,80,7000,1900,300,0,0,25.57686961
Iceland,Mosfellsbaer,10556,185,1700,200,0,0,0,17.99924214
Iceland,Reykjanesbaer,17805,145,1500,100,0,0,0,8.98623982
Iceland,Reykjavik,126041,274,17900,11600,4600,1300,100,28.08609897
Iceland,Selfoss,8995,158,200,200,0,0,0,4.446914953
Iceland,Seltjar0rnes,4575,2,100,0,100,0,0,4.371584699
Ireland,Cork,190900,186,29200,19300,19000,2200,0,36.51126244
Ireland,Dublin,1308900,936,291500,127900,139600,53200,4500,46.77209871
Italy,Andria,100440,399.54,18500,49000,22000,1900,0,90.99960175
Italy,Bari,326344,116.67,70000,100100,64800,17600,200,77.37234329
Italy,Bergamo,120262,39.6,21900,16100,14000,6200,1100,48.39433903
Italy,Bolog0,492507,274.66,103800,86300,66300,55300,9300,63.28844057
Italy,Bolzano,106110,52.33,12800,5200,9200,5200,100,30.53435115
Italy,Brescia,197956,90.68,55900,44300,26700,5400,200,66.8330336
Italy,Cagliari,342800,225,43300,98000,124000,63600,2700,95.94515753
Italy,Catania,293902,182,48200,45600,74500,33800,900,68.76441807
Italy,Ferrara,133682,404.64,21100,22000,11500,2500,0,42.71330471
Italy,Florence,355798,102.27,86000,51800,70700,18700,1300,63.85645788
Italy,Foggia,151991,505.7,33900,42300,31000,5900,0,74.41230073
Italy,Forli,118295,228,23100,25000,11200,700,0,50.72065599
Italy,Genoa,594733,243,32800,27400,16600,11100,2300,14.7797415
Italy,Lati0,117892,277,13400,20200,23200,13300,300,59.46120178
Italy,Livorno,157825,101.98,14900,50800,53000,31300,0,95.04197687
Italy,Mode0,185000,183.49,45300,31900,34500,7400,400,64.37837838
Italy,0ples,1004500,117.27,0,0,0,0,0,0
Italy,Palermo,673581,77.4,114100,96000,73800,43000,7400,48.53165395
Italy,Parma,190500,261,113300,54300,5500,100,0,90.91863517
Italy,Piacenza,102355,118.46,42400,16900,14300,4300,100,76.1076645
Italy,Prato,193325,97.45,52600,60900,29800,3800,100,76.08948662
Italy,Raven0,159057,653,36300,35500,20600,2900,400,59.91562773
Italy,Reggio Emilia,172600,231.56,29100,28100,15900,4200,200,44.78563152
Italy,Rimini,147346,135.27,28800,24800,16000,4000,1400,49.95045675
Italy,Rome,2876614,1286.18,478600,534800,424500,176900,47200,56.13544257
Italy,Salerno,132608,59,0,0,0,0,0,0
Italy,Sassari,111778,69.4,28000,31100,20600,10100,400,80.33781245
Italy,Taranto,201100,218.43,32600,62200,43700,2000,0,69.86573844
Italy,Trieste,203767,85,21800,300,0,0,0,10.84572085
Italy,Turin,1430286,250,279500,549000,316400,116100,1800,88.16418534
Italy,Vicenza,100005,78,19000,14700,18700,11100,1600,63.49682516
Italy,MacroAgglo Milan-Monza,2135450,481,380500,393800,278900,70900,3600,52.63995879
Italy,Messi0,243222,213,16700,37600,45800,44200,7500,59.32851469
Italy,Padova,210400,93.03,21000,104600,40600,13300,2000,85.31368821
Italy,Perugia,166969,0,0,0,0,0,0,0
Italy,Pescara,117166,34.38,0,0,0,0,0,0
Italy,Syracuse,118442,208,12700,20000,25000,23800,10700,68.81005049
Italy,Terni,111210,212.43,29100,33100,12000,13100,600,78.50013488
Italy,Venice,259200,415.9,39300,28600,24900,20600,2800,43.75
Italy,Vero0,258500,198.92,41200,59000,59600,56400,19500,83.63636364
Latvia,Riga,641007,304,133900,188900,143900,54400,5000,81.29396403
Lithuania,Kau0s,295585,157,84200,79100,31600,3100,0,66.9858078
Lithuania,Klaipeda,154326,98,28400,34500,37800,13400,4500,73.93439861
Lithuania,Siauliai,102000,81,23600,30000,22000,4700,100,78.7254902
Lithuania,Vilnius,574339,401,128300,122100,80800,19300,1100,61.02667588
Luxembourg,Luxembourg,153410,135.65,40600,39400,41400,20700,2600,92.62759924
Macedonia,Bitola,92905,10.35,0,0,0,0,0,0
Macedonia,Kumanovo,108048,12.36,0,0,0,0,0,0
Macedonia,Skopje,506926,63.29,0,0,0,0,0,0
Macedonia,Tetovo,90650,7.24,0,0,0,0,0,0
Malta,Valletta,277600,54.125,23200,14600,21600,6700,1100,23.81123919
Montenegro,Podgorica,185937,1441,34400,61300,31300,5500,0,71.26069583
Netherlands,Alkmaar,240505,236.69,48500,25600,12900,900,0,36.54809671
Netherlands,Almere,196932,248.77,12400,3900,300,0,0,8.429305547
Netherlands,Amersfoort,152481,63.86,19600,5300,700,0,0,16.78897699
Netherlands,Amsterdam,1678380,890.36,278600,238100,155200,24000,500,41.46260084
Netherlands,Apeldoorn,158099,341.15,20300,17000,6000,200,0,27.51440553
Netherlands,Arnhem,152293,101.54,31100,22700,5900,0,0,39.20075118
Netherlands,Breda,180937,128.68,26000,27100,14200,1400,0,37.96901684
Netherlands,Eindhoven,447329,275.98,79300,51900,29000,2600,0,36.39379517
Netherlands,Enschede,311903,273.96,42200,33300,11300,100,0,27.86122609
Netherlands,Gouda,204158,180.01,43500,17700,3000,100,0,31.49521449
Netherlands,Groningen,200336,83.75,37000,30900,3700,200,0,35.83978915
Netherlands,Heerlen,228028,174.31,33300,31100,16100,500,0,35.52195344
Netherlands,Hilversum,217072,160.52,51100,34600,17700,1200,0,48.18677674
Netherlands,Maastricht,122397,60.03,21700,18200,11300,500,0,42.23959738
Netherlands,Nijmegen,170681,57.6,25200,24700,11600,500,0,36.32507426
Netherlands,Rotterdam,1310726,656.19,282600,218000,101500,8300,0,46.56961104
Netherlands,s Hertogenbosch,150899,91.79,24300,24600,11600,1300,0,40.95454576
Netherlands,The Hague,1322251,536.49,236800,220700,110700,5300,100,43.37300558
Netherlands,Tilburg,211648,119.15,35400,35700,20600,2500,0,44.50786211
Netherlands,Utrecht,478138,205.53,133200,83100,25500,200,0,50.61300294
Netherlands,Zwolle,123861,119.36,18800,10800,1400,0,0,25.02805564
Norway,Bergen,277391,465,0,0,0,0,0,0
Norway,Fredrikstad,129317,689,16800,12700,8200,2800,100,31.31838815
Norway,Oslo and adjecent agglomerations,973979,1003,208100,141000,105900,49000,4400,51.74649556
Norway,Stavanger,233560,444.36,26500,22300,14000,3200,600,28.2582634
Norway,Trondheim,187353,342,37900,24500,13600,5200,700,43.34064573
Poland,Bialystok,296600,102.1,82800,54900,32200,3100,0,58.32771409
Poland,Bielsko-Biala,173699,124.5,10000,11600,6700,4300,400,18.76809884
Poland,Bydgoszcz,329188,176,105000,64300,25200,6400,400,61.0289561
Poland,Bytom,172306,69.6,2000,1800,1400,600,100,3.366104489
Poland,Czestochowa,228179,159.7,35800,34300,26100,9000,100,46.10415507
Poland,Dabrowa Gornicza,121802,188.7,40000,20000,10000,0,0,57.47032068
Poland,Elblag,117127,79.5,28800,30900,16000,900,0,65.39909671
Poland,Gdansk,463764,262,75600,45500,18000,4400,400,30.94246211
Poland,Gdynia,235980,135.1,52200,38700,20400,5800,300,49.62284939
Poland,Gliwice,183392,133.9,30100,23400,12800,5800,500,39.31469203
Poland,Gorzow Wielkopolski,115150,85.7,24000,14900,4300,800,0,38.21102909
Poland,Katowice,296262,165,56400,35800,15300,4300,400,37.73686804
Poland,Kielce,197704,109.7,50000,50000,20000,0,0,60.69679926
Poland,Koszalin,102034,98.3,27400,23700,13200,3100,0,66.05641257
Poland,Krakow,766739,326.8,97900,103800,72800,31300,7200,39.88319363
Poland,Legnica,100718,56.3,24400,22200,11600,10000,2100,67.71381481
Poland,Lodz,701410,293.2,99300,66300,37400,24300,6900,32.40615332
Poland,Lublin,340200,147,48200,57400,40800,19400,3400,48.73603762
Poland,Olsztyn,176457,88,400,300,100,0,0,0.453368243
Poland,Opole,127792,148.8,38800,21100,15800,6400,500,64.24502316
Poland,Plock,119624,88.2,35200,35500,15300,4100,0,75.31933391
Poland,Poz0n,509436,263.2,79100,45500,21300,6300,1000,29.87617679
Poland,Radom,215653,111.8,29800,18500,7700,2100,100,26.94142906
Poland,Ruda Slaska,134400,77.7,34500,23000,18900,4300,200,60.04464286
Poland,Rybnik,132645,148.3,33100,22400,16000,6700,800,58.95435184
Poland,Rzeszow,188300,120.4,60000,44000,0,0,0,55.23101434
Poland,Sosnowiec,219300,91,91000,46000,19100,6300,600,74.05380757
Poland,Torun,185459,115.8,42900,25000,9400,1700,0,42.59701605
Poland,Tychy,129449,81.81,16400,11900,5500,800,100,26.72867307
Poland,Walbrzych,117900,85,4600,3700,6400,8900,100,20.01696353
Poland,Warsaw,1753977,517.2,326200,271700,136900,29700,1500,43.58666049
Poland,Wloclawek,108841,72.9,21500,12300,2800,200,0,33.81078821
Poland,Wroclaw,631377,292.8,146400,99600,50600,14000,1200,49.19406314
Poland,Zabrze,177000,80.4,68900,43600,22600,8900,800,81.3559322
Poland,Zielo0 Gora,139330,278.8,25900,23600,13600,5400,100,49.16385559
Portugal,Amadora,175136,23.8,25600,24100,19800,8900,1300,44.76521104
Portugal,Lisbon,547733,84.62,86900,79200,57300,18200,1900,44.10908234
Portugal,Matosinhos,175478,61.91,25600,10900,9400,8900,2400,31.22898597
Portugal,Odivelas,144549,26.62,18400,22800,16600,2600,0,41.7851386
Portugal,Oeiras,172120,45.85,27800,15700,9400,800,0,31.19916337
Portugal,Porto,237591,41.52,10600,8800,7900,6200,4000,14.09986068
Romania,Arad,179230,4106,16000,8700,3800,1600,0,16.79406349
Romania,Bacau,197003,3880,34900,36700,36600,19500,1700,64.8213479
Romania,Baia Mare,147425,3564,17000,16500,14600,1600,100,33.71205698
Romania,Botosani,121793,1950,14100,12300,6800,1900,100,28.81939028
Romania,Braila,208201,3674,6300,15600,15100,6400,1000,20.8452409
Romania,Brasov,290167,11056,24600,16400,9500,1200,100,17.81732588
Romania,Bucharest,2106144,24190,470000,307800,153400,50200,600,46.59700381
Romania,Buzau,134498,4720,31000,19600,14100,8600,5500,54.49895166
Romania,Cluj-0poca,321687,10472,73000,76200,41600,10200,400,62.48309692
Romania,Constanta,316777,6042,70000,44700,28600,7800,300,47.69917008
Romania,Craiova,304089,7063,54100,56200,70400,21800,3500,66.59234632
Romania,Galati,305093,6452,0,0,0,0,0,0
Romania,Iasi,362142,6924,63300,49600,33500,13700,500,44.20917762
Romania,Oradea,196367,8182,45900,28100,19300,5200,1200,50.16117779
Romania,Pitesti,175653,2812,31100,28800,33900,29900,4100,70.42293613
Romania,Ploiesti,231491,5412,47600,28900,23600,5800,800,45.74691889
Romania,Sibiu,169317,5007,22000,32200,30900,23400,8300,64.08098419
Romania,Targu Mures,149543,3266,0,0,0,0,0,0
Romania,Timisoara,331988,7600,51100,45200,44200,21500,5100,48.79694447
Romania,Satu Mare,121128,4186,4600,5100,3500,500,0,11.31034938
Slovakia,Bratislava,493734,444.42,112600,97100,57200,18700,9000,57.84491244
Slovakia,Kosicka,226192,113.3,0,0,0,0,0,0
Slovenia,Ljublja0,274500,275,55900,49200,34900,7500,200,53.73406193
Slovenia,Maribor,106400,147.47,17700,20300,13600,3500,0,51.78571429
Spain,A Coru0,245700,38.66,17100,47900,80100,66300,26200,86.03988604
Spain,Albacete,172487,30.29,0,0,0,0,0,0
Spain,Alcala de He0res,194310,88.12,32400,76100,36800,12200,400,81.05604447
Spain,Alcobendas,115896,44.98,31000,19200,3300,500,100,46.59349762
Spain,Alcorcon,170336,33.73,0,0,0,0,0,0
Spain,Algeciras,117974,85.8,0,0,0,0,0,0
Spain,Alicante,332067,40,0,0,0,0,0,0
Spain,Almeria,193351,22.11,0,0,0,0,0,0
Spain,Badajoz,137144,20.46,30500,47200,39500,2800,0,87.49927084
Spain,Baix Llobregat I,478970,50,0,0,0,0,0,0
Spain,Baix Llobregat II,194791,73,0,0,0,0,0,0
Spain,Barcelones I,1637772,105.2,0,0,0,0,0,0
Spain,Barcelones II,335948,28.2,0,0,0,0,0,0
Spain,Bilbao,345474,40.65,45200,75900,70600,18800,300,60.93077916
Spain,Burgos,174252,107.08,43900,39400,24300,2000,0,62.89741294
Spain,Cadiz,177776,11.1,0,0,0,0,0,0
Spain,Cartage0,151887,22.7,18400,14700,10100,1600,0,29.49561187
Spain,Castellon de la Pla0,173841,43.48,0,0,0,0,0,0
Spain,Cordoba,328041,30.94,0,0,0,0,0,0
Spain,Dos Herma0s,130369,160.52,0,0,0,0,0,0
Spain,Elche,228647,29.41,0,0,0,0,0,0
Spain,Fuenlabrada,204838,36.75,68400,32000,4200,100,0,51.11356291
Spain,Getafe,183764,78.69,57100,50600,21000,2300,100,71.28708561
Spain,Gijon,275735,182,0,0,0,0,0,0
Spain,Girones,127330,46,0,0,0,0,0,0
Spain,Gra0da,258750,88.02,86000,81800,33300,9700,1200,81.46859903
Spain,Huelva,147212,151.33,47500,51900,25500,100,0,84.91155612
Spain,Jaen,115837,424.3,0,0,0,0,0,0
Spain,Jerez de la Frontera,212876,43.68,49700,62100,34700,9300,1400,73.18814709
Spain,Las Palmas de Gran Ca0ria,382283,101,0,0,0,0,0,0
Spain,Leganes,186696,43.09,0,0,0,0,0,0
Spain,Leon,129884,39,18200,34200,29200,7400,100,68.52268178
Spain,Lleida,138144,211.7,44500,46500,14500,7900,0,82.08825573
Spain,Logrono,151962,20,0,0,0,0,0,0
Spain,Madrid,3165883,604,577000,445100,147100,27700,1200,37.80619814
Spain,Malaga,566913,98,0,0,0,0,0,0
Spain,Marbella,138679,116.82,0,0,0,0,0,0
Spain,Mataro,126159,22.53,16200,46500,41600,16700,3000,95.91071584
Spain,Mostoles,205712,45,0,0,0,0,0,0
Spain,Murcia,439712,886,0,0,0,0,0,0
Spain,Oviedo,221870,187,37600,37500,18500,6700,400,45.20665254
Spain,Palma de Mallorca,399093,213,0,0,0,0,0,0
Spain,Pamplo0,340197,134.12,64400,57500,23000,1400,0,43.00449445
Spain,Parla,125323,24.51,0,0,0,0,0,0
Spain,Reus,104560,52.8,20900,36900,18300,8100,0,80.52792655
Spain,Salamanca,148042,27.42,0,0,0,0,0,0
Spain,San Cristobal de La Lagu0,153009,102.4,0,0,0,0,0,0
Spain,San Sebastian - Donostia,180271,60.73,43500,37300,20000,2600,0,57.35808866
Spain,Santa Cruz de Tenerife,205279,150,0,0,0,0,0,0
Spain,Santander,176256,34.76,24500,23200,15600,5500,0,39.03413217
Spain,Sevilla,696676,140.09,0,0,0,0,0,0
Spain,Tarrago0,138006,65,0,0,0,0,0,0
Spain,Telde,102070,102.43,0,0,0,0,0,0
Spain,Torrejon de Ardoz,126878,32.62,0,0,0,0,0,0
Spain,Valencia,791632,134.65,228100,145400,110900,52100,2300,67.77138873
Spain,Valladolid,306830,197.91,0,0,0,0,0,0
Spain,Valles Occidental I,253547,47,0,0,0,0,0,0
Spain,Valles Occidental II,222912,90,0,0,0,0,0,0
Spain,Vigo,289784,104.87,48900,38600,44200,14900,300,50.58940452
Spain,Vitoria - Gazteiz,244634,276.8,58000,53700,26900,4100,0,58.33203888
Spain,Zaragoza,666058,967.07,0,0,0,0,0,0
Sweden,Boras,107022,909.9,19500,13100,5200,900,100,36.16078937
Sweden,Eskilstu0,100923,1099.87,8800,6000,1500,0,0,16.15092694
Sweden,Gothenburg,541145,449.5,99900,52900,24900,2500,500,33.29976254
Sweden,Helsingborg,135344,343.89,26800,14800,6000,800,0,35.76072822
Sweden,Huddinge,104185,131.01,17200,11700,5200,2100,100,34.74588472
Sweden,Jonkoping,132140,1480.36,17500,12400,3300,1400,700,26.18434993
Sweden,Linkoping,151881,1427.44,17800,9000,4900,300,0,21.06912649
Sweden,Lund,115968,427.23,16800,10000,4200,100,0,26.81774283
Sweden,Malmo,318107,156.6,89800,52400,29600,1200,0,54.38421663
Sweden,Norrkoping,135283,1495.05,15700,10000,5700,900,0,23.87587502
Sweden,Orebro,142618,1373.02,18600,7800,2800,400,0,20.75474344
Sweden,Stockholm,911989,187.17,169700,146200,79100,25600,1100,46.11897731
Sweden,Umea,119613,2316.61,20600,10700,3100,300,0,29.01022464
Sweden,Uppsala,207362,2182.8,50500,21800,8100,2100,0,39.7854959
Sweden,Vasteras,143702,957.89,31300,15300,4100,1600,600,36.39476138
Switzerland,Baden-Brugg,105606,91.48,28900,18800,10600,2900,100,57.95125277
Switzerland,Basel,527225,695.22,134100,81000,67400,16400,200,56.69306273
Switzerland,Bern,398873,780.97,96900,66500,39100,6500,800,52.39763032
Switzerland,Biel/Bienne,101271,169.33,22400,17100,11700,5200,200,55.69215274
Switzerland,Fribourg,100111,221.96,28800,17600,11100,1600,300,59.03447174
Switzerland,Geneva,552305,538.08,122300,133500,93600,61900,12400,74.46972235
Switzerland,Lausanne,389614,774.36,111700,81200,51900,15100,1100,66.70704851
Switzerland,Lucerne,220741,291.84,60900,41600,21300,11100,2500,61.11234433
Switzerland,Lugano,145576,306.82,41700,31000,20200,9500,1600,70.34126504
Switzerland,St. Gallen,162795,317.87,42900,27400,18400,3900,400,56.88135385
Switzerland,Winterthur,133691,148.49,30400,20500,13400,3500,300,50.7139598
Switzerland,Zug,121269,227.98,33500,21500,11000,2800,200,56.73337786
Switzerland,Zurich,1280944,1309.2,332800,220700,146600,30700,3300,57.05167439
United Kingdom,Aldershot Urban Area,254000,77.83,46600,19700,11500,5300,600,32.71653543
United Kingdom,Basildon/North Benfleet,111000,24.92,7500,4200,2400,600,0,13.24324324
United Kingdom,Bedford/Kempston,107000,23.54,4400,2500,4400,3200,100,13.55140187
United Kingdom,Birkenhead,324000,89.11,62500,18600,12200,5500,400,30.49382716
United Kingdom,Blackburn/Darwen,143000,32.07,20500,6300,5900,3900,200,25.59440559
United Kingdom,Blackpool,261000,65.86,8200,5300,9000,3000,0,9.770114943
United Kingdom,Bournemouth,432000,108.15,18500,11300,13100,10400,200,12.33796296
United Kingdom,Brighton/Worthing/Littlehampton,518000,94.09,28700,12200,21200,16000,300,15.07722008
United Kingdom,Bristol,639000,139.78,97400,31900,22700,21100,3400,27.08920188
United Kingdom,Burnley/Nelson,146000,30.27,24600,7200,5600,4600,100,28.76712329
United Kingdom,Cambridge Urban Area,152000,36.08,12400,5300,8600,3800,100,19.80263158
United Kingdom,Cheltenham/Charlton Kings,116000,27.12,6500,3100,5700,2800,0,15.60344828
United Kingdom,Chesterfield/Staveley,104000,28.31,4400,2200,2500,1600,100,10.28846154
United Kingdom,Colchester,121000,29.65,6600,4300,4000,2500,0,14.38016529
United Kingdom,Coventry/Bedworth,378000,75.56,57600,16600,9000,3400,200,22.91005291
United Kingdom,Crawley Urban Area,198000,54.02,40700,14300,8400,4200,300,34.14141414
United Kingdom,Dearne Valley Urban Area,215000,52.92,26000,7500,6200,4400,200,20.51162791
United Kingdom,Derby Urban Area,262000,57.01,14200,6600,7900,6100,100,13.28244275
United Kingdom,Doncaster Urban Area,134000,34.97,28400,7100,3900,2800,700,31.49253731
United Kingdom,Eastbourne,119000,23.56,5300,2400,5100,2900,0,13.19327731
United Kingdom,Exeter,119000,25.16,8400,3700,1800,1900,100,13.27731092
United Kingdom,Gloucester Urban Area,148000,35.38,23800,5800,4200,1300,100,23.71621622
United Kingdom,Grimsby/Cleethorpes,137000,34.17,4200,2700,4800,2300,100,10.2189781
United Kingdom,Hastings/Bexhill,135000,31.94,4700,4100,6400,5900,0,15.62962963
United Kingdom,High Wycombe Urban Area,129000,32.8,23900,9300,7300,4800,200,35.11627907
United Kingdom,Ipswich Urban Area,160000,40.56,13400,4400,5500,5100,200,17.75
United Kingdom,Kingston upon Hull,310000,80.45,7300,4200,4800,3100,100,6.258064516
United Kingdom,Leicester,501000,101.64,64800,19900,15800,8100,1400,21.67664671
United Kingdom,Lincoln Urban Area,111000,30.38,3600,1700,2400,2200,0,8.918918919
United Kingdom,Liverpool,837000,186.17,118500,37000,32100,26300,2400,25.55555556
United Kingdom,London,9878000,1623.37,1057200,446100,481500,565000,97800,25.81291759
United Kingdom,Luton/Dunstable,271000,48.95,36700,10300,5900,4100,200,21.03321033
United Kingdom,Manchester,2474000,556.71,478400,176900,115400,92000,11100,34.87065481
United Kingdom,Mansfield Urban Area,169000,45.2,9200,3500,3800,2100,0,11.00591716
United Kingdom,Milton Keynes Urban Area,206000,57.3,17600,5400,2000,200,0,12.23300971
United Kingdom,Northampton Urban Area,217000,52.58,30100,10100,8700,6100,100,25.34562212
United Kingdom,Norwich Urban Area,209000,56.27,9600,5800,8900,4200,200,13.63636364
United Kingdom,Nottingham,730000,158.52,92500,29400,22200,18900,3200,22.32876712
United Kingdom,Nuneaton Urban Area,134000,32.52,4100,1800,1800,500,0,6.119402985
United Kingdom,Oxford,166000,31.63,12500,5100,8400,5700,200,19.09638554
United Kingdom,Peterborough,153000,40.47,12500,6600,3800,1100,0,15.68627451
United Kingdom,Plymouth,266000,60.88,12700,6000,3700,3200,600,9.62406015
United Kingdom,Portsmouth,479000,94.52,87000,27600,19200,13400,1200,30.73068894
United Kingdom,Preston,275000,60.62,70300,20200,9100,5400,400,38.18181818
United Kingdom,Reading/Wokingham,393000,93.17,73300,26200,17100,9700,300,32.13740458
United Kingdom,Sheffield,694000,162.24,78200,28000,21500,18800,1300,21.10951009
United Kingdom,Slough Urban Area,165000,30.57,56200,15500,7400,4000,500,50.36363636
United Kingdom,Southampton,342000,72.8,85500,25800,16800,11900,600,40.93567251
United Kingdom,Southend,294000,66.85,10800,5500,9000,6600,300,10.85034014
United Kingdom,Southport/Formby,115000,30.89,3100,4400,5000,1100,0,11.82608696
United Kingdom,St Albans/Hatfield,140000,32.36,30900,7600,4900,2800,200,33
United Kingdom,Sunderland Urban Area,179000,39.83,9600,4900,4000,3000,100,12.01117318
United Kingdom,Swindon,172000,40.55,16100,4900,3100,2300,0,15.34883721
United Kingdom,Teesside,369000,114.32,22400,10500,6900,1700,0,11.24661247
United Kingdom,Telford Urban Area,140000,41.8,14500,4800,1800,300,100,15.28571429
United Kingdom,Thanet,130000,26.68,4000,2500,3400,3000,0,9.923076923
United Kingdom,The Medway Towns Urban Area,250000,50.97,23100,9800,7600,5600,400,18.44
United Kingdom,The Potteries,370000,96.62,30700,14200,14600,8800,400,18.45945946
United Kingdom,Torbay,113000,27.47,5000,2400,2500,3800,500,12.12389381
United Kingdom,Tyneside,909000,210.91,92000,34400,28200,18300,2900,19.02090209
United Kingdom,Warrington Urban Area,166000,43.55,51100,16100,6400,2800,100,46.02409639
United Kingdom,West Midlands,2508000,599.72,415000,165200,105100,65600,5100,29.94019139
United Kingdom,West Yorkshire,1636000,370.02,220300,87200,59600,43800,7500,25.11613692
United Kingdom,Wigan Urban Area,173000,39.02,34900,10300,7000,6100,500,33.69942197
United Kingdom,York,160000,31.48,6200,3000,4000,3900,0,10.6875
United Kingdom,Aberdeen,209500,65,26900,29600,25200,8700,1000,43.150358
United Kingdom,Dundee,157700,50,20700,21000,8200,1200,0,32.4032974
United Kingdom,Edinburgh,488600,123,58100,74500,75300,24800,300,47.62586983
United Kingdom,Glasgow,1101500,311.94,282100,202800,72700,10200,3100,51.54788924
United Kingdom,Cardiff,359000,77.4,47600,37700,36400,16300,1500,38.44011142
United Kingdom,Newport,148000,51.2,40000,21000,13600,3900,1100,53.04054054
United Kingdom,Swansea/Neath/Port Talbot,285000,98.2,52900,40300,30300,9900,1100,46.80701754
